,test_Accuracy,test_CohenKappa,test_F1,test_Recall,test_Precision,auc
0,0.7241379,0.39089847,0.69473684,0.6903409,0.70278454,0.76022726
