,test_Accuracy,test_CohenKappa,test_F1,test_Recall,test_Precision,auc
0,0.8557692,0.70297027,0.85078907,0.84595203,0.8641026,0.86131936
