,test_Accuracy,test_CohenKappa,test_F1,test_Recall,test_Precision,auc
0,0.9223301,0.84464556,0.92232275,0.92232275,0.92232275,0.9449472
